{
    "results": {
        "tool": {
            "name": "pytest",
            "version": "8.4.1"
        },
        "summary": {
            "tests": 2,
            "passed": 2,
            "failed": 0,
            "skipped": 0,
            "pending": 0,
            "other": 0,
            "start": 1783388518.7499125,
            "stop": 1783388518.765953
        },
        "tests": [
            {
                "name": "test_outputs.py::test_hello_file_exists",
                "status": "passed",
                "duration": 0.0009197919998769066,
                "start": 1783388518.7632124,
                "stop": 1783388518.7644558,
                "retries": 0,
                "file_path": "test_outputs.py"
            },
            {
                "name": "test_outputs.py::test_hello_file_contents",
                "status": "passed",
                "duration": 0.0007534999999734282,
                "start": 1783388518.7646737,
                "stop": 1783388518.7656329,
                "retries": 0,
                "file_path": "test_outputs.py"
            }
        ]
    }
}