{
    "results": {
        "tool": {
            "name": "pytest",
            "version": "8.4.1"
        },
        "summary": {
            "tests": 2,
            "passed": 2,
            "failed": 0,
            "skipped": 0,
            "pending": 0,
            "other": 0,
            "start": 1783399407.768146,
            "stop": 1783399407.8147242
        },
        "tests": [
            {
                "name": "test_outputs.py::test_hello_file_exists",
                "status": "passed",
                "duration": 0.0007139169993024552,
                "start": 1783399407.8123927,
                "stop": 1783399407.813483,
                "retries": 0,
                "file_path": "test_outputs.py"
            },
            {
                "name": "test_outputs.py::test_hello_file_contents",
                "status": "passed",
                "duration": 0.0006853739996586228,
                "start": 1783399407.813648,
                "stop": 1783399407.8145146,
                "retries": 0,
                "file_path": "test_outputs.py"
            }
        ]
    }
}