{
    "results": {
        "tool": {
            "name": "pytest",
            "version": "8.4.1"
        },
        "summary": {
            "tests": 2,
            "passed": 2,
            "failed": 0,
            "skipped": 0,
            "pending": 0,
            "other": 0,
            "start": 1783397156.12384,
            "stop": 1783397156.1312582
        },
        "tests": [
            {
                "name": "test_outputs.py::test_hello_file_exists",
                "status": "passed",
                "duration": 0.0007884580027166521,
                "start": 1783397156.129137,
                "stop": 1783397156.1302383,
                "retries": 0,
                "file_path": "test_outputs.py"
            },
            {
                "name": "test_outputs.py::test_hello_file_contents",
                "status": "passed",
                "duration": 0.0005170839995116694,
                "start": 1783397156.130397,
                "stop": 1783397156.1310618,
                "retries": 0,
                "file_path": "test_outputs.py"
            }
        ]
    }
}